translocation	effector_gene	cancer_acronym	source
ABL1__BCR	ABL1	ALL;AML;TCALL;CLL;CML	biomarker;validated;cgc
ABL1__NUP214	ABL1	ALL;AML;TCALL;CML	cgc
ABL1__ETV6	ABL1	ALL;TCALL;BRCA;LK,LY;CML;MDS;FIBS-PR	cgc
ABL2__ETV6	ABL2	AML;LK,LY;BRCA;MDS;FIBS-PR	cgc
ACKR3__HMGA2	ACKR3	SG	cgc
ACSL3__ETV1	ACSL3	PRAD	cgc
ACSL6__ETV6	ACSL6	AML;BRCA;AEL;LK,LY;MDS;FIBS-PR	cgc
.__AKT3	AKT3	BRCA	biomarker
AKT3__MAGI3	AKT3	BRCA	validated
ALDH2__HMGA2	ALDH2	SG	cgc
.__ALK	ALK	IM;GB;THCA;HEMATO;NSCLC;LY;COREAD	biomarker
ALK__ATIC	ALK	IM;ALCL;CM;NSCLC;NB	cgc
ALK__C2orf22	ALK	IM;ALCL;CM;NSCLC;NB	cgc
ALK__C2orf44	ALK	IM;CM;NB;NSCLC;ALCL;COREAD	cgc
ALK__CARS	ALK	IM;ALCL;CM;NSCLC;NB	cgc
ALK__CLTC	ALK	IM;CM;NB;NSCLC;ALCL;R	cgc
ALK__DCTN1	ALK	IM;ALCL;CM;NSCLC;NB	cgc
ALK__EML4	ALK	IM;ALCL;CM;NSCLC;NB	validated;cgc
ALK__HIP1	ALK	IM;CM;NB;NSCLC;ALCL;CML	cgc
ALK__KIF5B	ALK	IM;ALCL;CM;NSCLC;NB	cgc
ALK__KLC1	ALK	IM;ALCL;CM;NSCLC;NB	cgc
ALK__MSN	ALK	IM;ALCL;CM;NSCLC;NB	cgc
ALK__MYH9	ALK	ALCL	cgc
ALK__NPM1	ALK	IM;APML;AML;CM;NB;NSCLC;ALCL;NHLY	cgc
ALK__PPFIBP1	ALK	IM;ALCL;CM;NSCLC;NB	cgc
ALK__RANBP2	ALK	IM;ALCL;CM;NSCLC;NB	cgc
ALK__RNF213	ALK	IM;ALCL;CM;NSCLC;NB	cgc
ALK__SEC31A	ALK	IM;ALCL;CM;NSCLC;NB	cgc
ALK__STRN	ALK	IM;CM;NB;L;NSCLC;ALCL;TH	cgc
ALK__TFG	ALK	IM;CM;CS;NB;NSCLC;ALCL;TH	cgc
ALK__TPM3	ALK	IM;CM;NB;NSCLC;ALCL;TH	cgc
ALK__TPM4	ALK	IM;ALCL;CM;NSCLC;NB	cgc
ALK__TPR	ALK	IM;CM;NB;NSCLC;ALCL;TH	cgc
ALK__VCL	ALK	IM;ALCL;CM;NSCLC;NB	cgc
ARID1A__MAST2	ARID1A	RCCC;OVCC;BRCA	cgc
ARNT__ETV6	ARNT	AML;LK,LY;BRCA;MDS;FIBS-PR	cgc
ATF1__EWSR1	ATF1	ALL;S;CCS;MESO;EWS;MYEP;CM;DSRCT;FH	cgc
ATL__TRA	ATL	TCALL	cgc
BCL10__IGH	BCL10	ALL;BLY;MM;BCL;CLL;MALT;NHLY	cgc
BCL11A__IGH	BCL11A	CLL	cgc
BCL11A.LHX4__IGH	BCL11A.LHX4	ALL;BLY;MM;BCL;CLL;MALT;NHLY	cgc
BCL11B__TLX3	BCL11B	TCALL	cgc
.__BCL2	BCL2	SOLID;MM;AML;CLL;MYMA;DLBCL;NHLY;LY	biomarker
BCL2__IGH	BCL2	ALL;BLY;MM;BCL;CLL;MALT;DLBCL;NHLY	validated;cgc
BCL2__IGK	BCL2	DLBCL	validated
BCL2__IGL	BCL2	DLBCL	validated
BCL3__IGH	BCL3	ALL;BLY;MM;BCL;CLL;MALT;NHLY	cgc
BCL5__MYC	BCL5	BLY;CLL	cgc
.__BCL6	BCL6	DLBCL	biomarker
BCL6__CIITA	BCL6	BCL;CLL;NHLY;HLY	cgc
BCL6__EIF4A2	BCL6	CLL;NHLY	cgc
BCL6__HIST1H4I	BCL6	CLL;NHLY	cgc
BCL6__HSP90AA1	BCL6	CLL;NHLY	cgc
BCL6__HSP90AB1	BCL6	NHLY	cgc
BCL6__HSPCB	BCL6	CLL;NHLY	cgc
BCL6__IGH	BCL6	ALL;BLY;MM;BCL;CLL;MALT;NHLY	cgc
BCL6__IGloci	BCL6	CLL;NHLY	cgc
BCL6__IKZF1	BCL6	ALL;DLBCL	cgc
BCL6__IL21R	BCL6	CLL;NHLY	cgc
BCL6__LCP1	BCL6	CLL;NHLY	cgc
BCL6__NACA	BCL6	CLL;NHLY	cgc
BCL6__PIM1	BCL6	CLL;NHLY	cgc
BCL6__POU2AF1	BCL6	CLL;NHLY	cgc
BCL6__RHOH	BCL6	CLL;NHLY	cgc
BCL6__SRSF3	BCL6	CLL;NHLY;FL	cgc
BCL6__TFRC	BCL6	CLL;NHLY	cgc
BCL6__ZNFN1A1	BCL6	CLL;NHLY	cgc
BCL7A__MYC	BCL7	BLY;CLL;NHLY	cgc
BCL8__IGH	BCL8	ALL;BLY;MM;BCL;CLL;MALT;NHLY	cgc
BCL9__IGH	BCL9	ALL;BLY;MM;BCL;CLL;MALT;NHLY	cgc
BCL9__IGL	BCL9	ALL;BLY	cgc
BRAF__SLC45A3	BRAF	PIA;PRAD;CM;PAAC;CH;NSCLC;OV;ST;TH;COREAD	cgc
.__BRAF	BRAF	OV;CM;LUAD;PRAD	biomarker
AGTRAP__BRAF	BRAF	PIA;PRAD;CM;PAAC;CH;NSCLC;OV;ST;TH;COREAD	cgc
AKAP9__BRAF	BRAF	PIA;PRAD;CM;PAAC;CH;NSCLC;OV;ST;TH;COREAD	cgc
BRAF__CEP88	BRAF	PIA;PRAD;CM;PAAC;CH;NSCLC;OV;ST;TH;COREAD	cgc
BRAF__CEP89	BRAF	CM	cgc
BRAF__CLCN6	BRAF	PIA;PRAD;CM;PAAC;CH;NSCLC;OV;ST;TH;COREAD	cgc
BRAF__FAM131B	BRAF	PIA;PRAD;CM;PAAC;CH;NSCLC;OV;ST;TH;COREAD	cgc
BRAF__FCHSD1	BRAF	PIA;PRAD;CM;PAAC;CH;NSCLC;OV;ST;TH;COREAD	cgc
BRAF__GNAI1	BRAF	PIA;PRAD;CM;PAAC;CH;NSCLC;OV;ST;TH;COREAD	cgc
BRAF__KIAA1549	BRAF	PIA;PRAD;CM;PAAC;CH;NSCLC;OV;ST;TH;COREAD	cgc
BRAF__LSM14A	BRAF	PIA;PRAD;CM;PAAC;CH;NSCLC;OV;ST;TH;COREAD	cgc
BRAF__MKRN1	BRAF	PIA;PRAD;CM;PAAC;CH;NSCLC;OV;ST;TH;COREAD	cgc
BRAF__RNF130	BRAF	PIA;PRAD;CM;PAAC;CH;NSCLC;OV;ST;TH;COREAD	cgc
BRAF__SND1	BRAF	PIA;PRAD;CM;PAAC;CH;NSCLC;OV;ST;TH;COREAD	cgc
BRD3__NUTM1	BRD3	NMC	cgc
BRD4__C15orf55	BRD4	NMC	biomarker
BRD4__NUTM1	BRD4	NMC	cgc
C15orf55__CIITA	C15orf55	BCL;HLY	cgc
C15orf65__CIITA	C15orf65	BCL;HLY	cgc
CAMTA1__WWTR1	CAMTA1	AS	cgc
CANT1__ETV4	CANT1	EWS;PRAD	cgc
CBFB__MYH11	CBFB	AML	cgc
CCNB1IP1__HMGA2	CCNB1IP1	SG	cgc
CCND1__FSTL3	CCND1	ALL;CLL;BRCA	validated;cgc
CCND1__IGH	CCND1	ALL;BLY;MM;BCL;CLL;BRCA;MALT;NHLY	validated;cgc
CCND2__IGK	CCND2	ALL;AML;MM;CLL;DLBCL	validated
CCND2__IGL	CCND2	ALL;BLY;MM;AML;CLL;DLBCL;NHLY	validated;cgc
CCND2__TCRA	CCND2	ALL;AML;MM;CLL;DLBCL	validated
CCND2__TCRD	CCND2	ALL;AML;MM;CLL;DLBCL	validated
CCND3__IGH	CCND3	MM	cgc
CD274__CIITA	CD274	BCL;HLY	cgc
CDK6__MLLT10	CDK6	ALL	cgc
CDX2__ETV6	CDX2	AML;LK,LY;BRCA;MDS;FIBS-PR	cgc
CHIC2__ETV6	CHIC2	AML;LK,LY;BRCA;MDS;FIBS-PR	cgc
CIC__DUX4L1	CIC	S;G	cgc
CIC__FOXO4	CIC	S;G	cgc
COX6C__HMGA2	COX6C	SG	cgc
CREBBP__KAT6A	CREBBP	ALL;AML;NHLY;DLBCL	cgc
CREBBP__KAT6B	CREBBP	AML	cgc
CREBBP__MORF	CREBBP	ALL;AML;NHLY;DLBCL	cgc
CRLF2__IGH	CRLF2	ALL;BLY;MM;BCL;CLL;MALT;CANCER;NHLY	cgc
CRLF2__P2RY8	CRLF2	ALL;CANCER	cgc
CTNNB1__PLAG1	CTNNB1,PLAG1	HB;CANCER;OV;SG;COREAD;SGA	cgc
CLDN7__CUX1	CUX1	ED;AML;CM;CANCER;COREAD;MDS	cgc
DDX10__NUP98	DDX10,NUP98	AML	cgc
DDX5__ETV4	DDX5	EWS;PRAD	cgc
DDX6__IGH	DDX6	ALL;BLY;MM;BCL;CLL;MALT;NHLY	cgc
EBF1__HMGA2	EBF1	SG	cgc
ELF4__ERG	ELF4	AML;EWS;PRAD	cgc
.__ERBB4	ERBB4	LUAD	biomarker
ERG__EWSR1	EWSR1	ALL;S;CCS;MESO;EWS;PRAD;MYEP;AML;DSRCT	cgc
CREB1__EWSR1	EWSR1	ALL;S;CCS;MESO;EWS;MYEP;DSRCT;FH	cgc
DDIT3__EWSR1	EWSR1	ALL;S;CCS;LIP;MESO;EWS;MYEP;DSRCT	cgc
ETV1__EWSR1	EWSR1	ALL;S;CCS;MESO;EWS;PRAD;MYEP;DSRCT	cgc
ETV4__EWSR1	EWSR1	ALL;S;CCS;MESO;EWS;PRAD;MYEP;DSRCT	cgc
EWSR1__FEV	EWSR1	ALL;S;CCS;MESO;EWS;MYEP;DSRCT	cgc
EWSR1__FLI1	EWSR1	ALL;S;CCS;MESO;EWS;MYEP;DSRCT	cgc
EWSR1__NFATC1	EWSR1	ALL;S;CCS;MESO;EWS;MYEP;DSRCT	cgc
EWSR1__NFATC2	EWSR1	ALL;S;CCS;MESO;EWS;MYEP;DSRCT	cgc
EWSR1__NR4A3	EWSR1	ALL;S;CCS;MESO;EWS;MYEP;CS;DSRCT	cgc
EWSR1__PATZ1	EWSR1	ALL;S;CCS;MESO;EWS;MYEP;DSRCT	cgc
EWSR1__PBX1	EWSR1	ALL;S;CCS;MESO;EWS;MYEP;DSRCT	cgc
EWSR1__POU5F1	EWSR1	ALL;S;CCS;MESO;EWS;MYEP;DSRCT	cgc
EWSR1__SMARCA5	EWSR1	ALL;S;CCS;MESO;EWS;MYEP;DSRCT	cgc
EWSR1__SP3	EWSR1	ALL;S;CCS;MESO;EWS;MYEP;DSRCT	cgc
EWSR1__WT1	EWSR1	ALL;S;CCS;MESO;EWS;MYEP;WT;DSRCT	cgc
EWSR1__YY1	EWSR1	ALL;S;CCS;MESO;EWS;MYEP;DSRCT	cgc
EWSR1__ZNF278	EWSR1	EWS	cgc
EWSR1__ZNF384	EWSR1	ALL;S;CCS;MESO;EWS;MYEP;DSRCT	cgc
EWSR1__ZNF444	EWSR1	ALL;S;CCS;MESO;EWS;MYEP;DSRCT	cgc
FCRL4__IGH	FCRL4	ALL;BLY;MM;BCL;CLL;MALT;NHLY	cgc
BCR__FGFR1	FGFR1	ALL;AML;HEMATO;CML;NHLY;SGA	cgc
CNTRL__FGFR1	FGFR1	NHLY;HEMATO;SGA	cgc
FGFR1__FGFR1OP	FGFR1	NHLY;HEMATO	cgc
FGFR1__FOP	FGFR1	NHLY;HEMATO;SGA	cgc
FGFR1__ZMYM2	FGFR1	NHLY;HEMATO;SGA	cgc
FGFR1__ZNF198	FGFR1	NHLY;HEMATO	cgc
FGFR1__PLAG1	FGFR1	NHLY;HEMATO;SGA	cgc
.__FGFR2	FGFR2	BT	biomarker
BAIAP2L1__FGFR3	FGFR3	BLCA	validated
ETV6__FGFR3	FGFR3	MM;BRCA;CTCL;LK,LY;BLCA;MDS;FIBS-PR	cgc
FGFR3__IGH	FGFR3	ALL;BLY;MM;BCL;CLL;CTCL;MALT;BLCA;NHLY	cgc
FGFR3__TACC3	FGFR3	GBM;BLCA	validated
FHIT__HMGA2	FHIT	SG	cgc
ERG__FUS	FUS	LIP;EWS;PRAD;MFH;AML;FH	cgc
ATF1__FUS	FUS	LIP;EWS;MFH;AML;CM;FH	cgc
CREB3L1__FUS	FUS	MFH;AML;LIP;EWS;FH	cgc
CREB3L2__FUS	FUS	MFH;AML;LIP;EWS;FH	cgc
DDIT3__FUS	FUS	MFH;AML;LIP;EWS;FH	cgc
FEV__FUS	FUS	MFH;AML;LIP;EWS;FH	cgc
FUS__NFATC2	FUS	MFH;AML;LIP;EWS;FH	cgc
ERG__HERPUD1	HERPUD1	AML;EWS;PRAD	cgc
HLF__TCF3	TCF3	ALL	cgc
ETV1__HMGN2P46	HMGN2P46	EWS;PRAD	cgc
ETV1__HNRNPA2B1	HNRNPA2B1	PRAD	cgc
ETV1__HNRNPA2B1.ACSL3	HNRNPA2B1.ACSL3	EWS;PRAD	cgc
HOX11__TRB	HOX11	TCALL	cgc
HOX11__TRD	HOX11	LK	cgc
IGH__IRF4	IRF4	ALL;BLY;MM;BCL;CLL;MALT;NHLY	cgc
BCR__JAK2	JAK2	ALL;AML;CML;HEMATO	cgc
ETV6__JAK2	JAK2	ALL;AML;BRCA;HEMATO;LK,LY;CML;MDS;FIBS-PR	cgc
JAK2__PCM1	JAK2	ALL;AML;CML;HEMATO;TH	cgc
EP300__KAT6A	KAT6A	ALL;AML;PA;BRCA;DLBCL;COREAD	cgc
IGK__KDSR	KDSR	BLY;NHLY	cgc
ETV4__KLK2	KLK2	EWS;PRAD	cgc
LCK__TRB	LCK	TCALL	cgc
HMGA2__LHFP	LHFP	SG	cgc
LMO1__TRD	LMO1	LK;TCALL;NB	cgc
LMO2__TRD	LMO2	LK;TCALL	cgc
HMGA2__LPP	LPP	LK;SG	cgc
C12orf9__LPP	LPP	LK	cgc
LYL1__TRB	LYL1	TCALL	cgc
IGH__MAF	MAF	MM	cgc
IGH__MAFB	MAFB	MM	cgc
BIRC3__MALT1	MALT1	MM;MCL;CLL;MALT	cgc
CRTC1__MAML2	MAML2	SGM	cgc
CRTC3__MAML2	MAML2	SGM	cgc
ETV6__MDS2	MDS2	LK,LY;BRCA;MDS;FIBS-PR	cgc
ETV6__MECOM	MECOM	AML;BRCA;LK,LY;CML;MDS;FIBS-PR	cgc
MECOM__PRDM16	MECOM	AML;CML;MDS	cgc
MECOM__RPN1	MECOM	AML;CML;MDS	cgc
MECOM__RUNX1	RUNX1	ALL;AML;TCALL;CML;MDS	cgc
.__MLL	MLL	ALL;AML;MDS	biomarker
ABI1__MLL	MLL	ALL;AML	cgc
ABI2__MLL	MLL	ALL;AML	cgc
ACTN4__MLL	MLL	ALL;AML	cgc
AFF1__MLL	MLL	ALL;AML	cgc
AFF3__MLL	MLL	ALL;AML;TCALL	cgc
AFF4__MLL	MLL	ALL;AML	cgc
ARHGAP26__MLL	MLL	ALL;AML;MDS	cgc
ARHGEF12__MLL	MLL	ALL;AML	cgc
BTBD18__MLL	MLL	ALL;AML	cgc
CASC5__MLL	MLL	ALL;AML	cgc
CASP8AP2__MLL	MLL	ALL;AML	cgc
CBL__MLL	MLL	ALL;AML;MML;MDS	cgc
CLP1__MLL	MLL	ALL;AML	cgc
CT45A2__MLL	MLL	ALL;AML	cgc
DAB2IP__MLL	MLL	ALL;AML	cgc
EEFSEC__MLL	MLL	ALL;AML	cgc
ELL__MLL	MLL	ALL;AML	cgc
EP300__MLL	MLL	ALL;AML;PA;BRCA;DLBCL;COREAD	cgc
EPS15__MLL	MLL	ALL;AML	cgc
FNBP1__MLL	MLL	ALL;AML	cgc
FOXO3__MLL	MLL	ALL;AML	cgc
FOXO4__MLL	MLL	ALL;AML	cgc
FRYL__MLL	MLL	ALL;AML	cgc
GAS7__MLL	MLL	ALL;AML	cgc
GMPS__MLL	MLL	ALL;AML	cgc
GPHN__MLL	MLL	ALL;AML	cgc
KIAA0284__MLL	MLL	ALL;AML	cgc
KIAA1524__MLL	MLL	ALL;AML	cgc
MLL__LASP1	MLL	ALL;AML	cgc
MLL__LPP	MLL	ALL;AML;LK	cgc
MLL__MAPRE1	MLL	ALL;AML	cgc
MLL__MLL	MLL	ALL;AML	cgc
MLL__MLLT1	MLL	ALL;AML	cgc
MLL__MLLT1	MLL	ALL;AML	validated
MLL__MLLT10	MLL	ALL;AML	cgc
MLL__MLLT10	MLL	ALL;AML	validated
MLL__MLLT11	MLL	ALL;AML	cgc
MLL__MLLT2	MLL	ALL;AML	validated
MLL__MLLT3	MLL	ALL;AML	cgc
MLL__MLLT3	MLL	ALL;AML	validated
MLL__MLLT4	MLL	ALL;AML	cgc
MLL__MLLT4	MLL	ALL;AML	validated
MLL__MLLT6	MLL	ALL;AML	cgc
MLL__MLLT6	MLL	ALL;AML	validated
MLL__MLLT7	MLL	ALL;AML	validated
MLL__MYO1F	MLL	ALL;AML	cgc
MLL__NCKIPSD	MLL	ALL;AML	cgc
MLL__NRIP3	MLL	ALL;AML	cgc
MLL__PDS5A	MLL	ALL;AML	cgc
MLL__PICALM	MLL	ALL;AML;TCALL	cgc
MLL__PRRC1	MLL	ALL;AML	cgc
MLL__RUNX1T1	MLL	ALL;AML	cgc
MLL__SARNP	MLL	ALL;AML	cgc
MLL__SEPT2	MLL	ALL;AML	cgc
MLL__SEPT5	MLL	ALL;AML	cgc
MLL__SEPT6	MLL	ALL;AML	cgc
MLL__SEPT9	MLL	ALL;AML	cgc
MLL__SH3GL1	MLL	ALL;AML	cgc
MLL__SORBS2	MLL	ALL;AML	cgc
MLL__TET1	MLL	ALL;AML	cgc
MLL__TOP3A	MLL	ALL;AML	cgc
MLL__ZFYVE19	MLL	ALL;AML	cgc
CREBBP__MLL	CREBBP	ALL;AML;NHLY;DLBCL	cgc
MLLT10__PICALM	MLLT10	ALL;AML;TCALL	cgc
ETV6__MN1	MN1	AML;MEN;BRCA;LK,LY;MDS;FIBS-PR	cgc
ETV6__MNX1	MNX1	AML;LK,LY;BRCA;MDS;FIBS-PR	cgc
HOXA9__MSI2	MSI2	AML;CML	cgc
MTCP1__TRA	MTCP1	TCPL;TCALL	cgc
IGH__MUC1	MUC1	NHLY	cgc
MYB__NFIB	MYB	SG	cgc
.__MYC	MYC	HEMATO	biomarker
BTG1__MYC	MYC	BLY;CLL	cgc
IGH__MYC	MYC	ALL;BLY;MM;BCL;CLL;MALT;NHLY	cgc
IGK__MYC	MYC	BLY;CLL;NHLY	cgc
IGL__MYC	MYC	BLY	cgc
MYC__TRA	MYC	BLY;CLL;TCALL	cgc
NCOA1__PAX3	NCOA1	RHBDS	cgc
HEY1__NCOA2	NCOA2	AML;CS;RHBDS	cgc
KAT6A__NCOA2	NCOA2	AML;CS;RHBDS	cgc
NCOA2__NCOA2	NCOA2	AML;CS;RHBDS	cgc
NCOA2__PAX3	NCOA2	RHBDS	cgc
NCOA4__RET	NCOA4	ALL;PHEO;MM;AML;CM;CLL;LUAD;NSCLC;THM;DLBCL;TH	validated;cgc
ERG__NDRG1	NDRG1	AML;EWS;PRAD	cgc
COX6C	NFIB	SG	cgc
HGMA2__NFIB	NFIB	SG	cgc
IGH__NFKB2	NFKB2	ALL;BLY;MM;BCL;CLL;MALT;NHLY	cgc
.__NOTCH1	NOTCH1	BRCA	biomarker
GABBR2__NOTCH1	NOTCH1	HNSC;TCALL;SCC;BRCA;BLCA;LUSC	cgc
NOTCH1__SEC16A	NOTCH1	HNSC;TCALL;SCC;BRCA;BLCA;LUSC	cgc
NOTCH1__TRB	NOTCH1	ALL;HNSC;TCALL;SCC;MM;AML;CLL;BRCA;DLBCL;BLCA;LUSC	validated;cgc
.__NOTCH2	NOTCH2	BRCA	biomarker
MLF1__NPM1	NPM1	APML;AML;NHLY	cgc
NPM1__RARA	NPM1	APML;AML;NHLY	cgc
NR4A3__TAF15	NR4A3	ALL;CS	cgc
NR4A3__TCF12	NR4A3	CS	cgc
NR4A3__TFG	NR4A3	ALCL;CS;NSCLC;TH	cgc
CD74__NRG1	NRG1	NSCLC	cgc
.__NRG1	NRG1	LUAD	biomarker
CD74__NTRK1	NTRK1	LUAD	validated
.__NTRK1	NTRK1	COREAD	biomarker
LMNA__NTRK1	NTRK1	CM;TH	cgc
MPRIP__NTRK1	NTRK1	LUAD	validated
NTRK1__TFG	NTRK1	CM;THCA;CS;NSCLC;ALCL;TH	validated;cgc
NTRK1__TP53	NTRK2	S;AC;CM;BRCA;L;G;CANCER;ACC;TH;COREAD	cgc
.__NTRK3	NTRK3	BRCA	biomarker
ETV6__NTRK3	NTRK3	ALL;MM;AML;CLL;BRCA;LK,LY;DLBCL;MDS;FIBS-PR	validated;cgc
NTRK1__TPM3	NTRK3	ALCL;CM;THCA;TH;NSCLC	validated;cgc
NTRK1__TPR	NTRK4	CM;THCA;TH;NSCLC	validated;cgc
DEK__NUP214	NUP214	AML;TCALL	cgc
NUP98__RAP1GDS1	NUP98	AML;TCALL	cgc
NUP98__SETBP1	NUP98	AML;MML;ACML;DNT;CML;MDS	cgc
NUP98__TOP1	NUP98	AML	cgc
NUP98__WHSC1L1	NUP98	AML	cgc
HOXA11__NUP98	NUP98	AML;CML	cgc
HOXA13__NUP98	NUP98	AML	cgc
HOXA9__NUP98	NUP98	AML	cgc
HOXC11__NUP98	NUP98	AML	cgc
HOXC13__NUP98	NUP98	AML	cgc
HOXD11__NUP98	NUP98	AML	cgc
HOXD13__NUP98	NUP98	AML	cgc
KDM5A__NUP98	NUP98	AML	cgc
NSD1__NUP98	NUP98	AML	cgc
NUP98__PRRX1	NUP98	AML	cgc
NUP98__PSIP1	NUP98	AML	cgc
NUTM2A__YWHAE	NUTM2A	EDS	cgc
NUTM2B__YWHAE	NUTM2B	EDS	cgc
OLIG2__TRA	OLIG2	TCALL	cgc
IGH__PAFAH1B2	PAFAH1B2	ALL;BLY;MM;BCL;CLL;MALT;NHLY	cgc
FOXO1__PAX3	PAX3	RHBDS	cgc
ETV6__PAX5	PAX5	ALL;BRCA;LK,LY;NHLY;MDS;FIBS-PR	cgc
FOXP1__PAX5	PAX5	ALL;NHLY	cgc
IGH__PAX5	PAX5	ALL;BLY;MM;BCL;CLL;MALT;NHLY	cgc
PAX5__PML	PAX5	ALL;APML;NHLY	cgc
PAX5__ZNF521	PAX5	ALL;NHLY	cgc
ELN__PAX5	PAX5	ALL;NHLY	cgc
FOXO1__PAX7	PAX7	RHBDS	cgc
PAX8__PPARG	PAX8	THF	cgc
PBX1__TCF3	PBX1	ALL;MYEP	cgc
IGH__PCSK7	PCSK7	ALL;BLY;MM;BCL;CLL;MALT;NHLY	cgc
CIITA__PDCD1LG2	PDCD1LG2	BCL;HLY	cgc
.__PDGFRA	PDGFRA	MDS;MDPS	biomarker
FIP1L1__PDGFRA	PDGFRA	MM;GIST;ECL;HES;GB	biomarker;validated;cgc
COL1A1__PDGFB	PDGFRB	DFS;ABC	cgc
CCDC6__PDGFRB	PDGFRB	NSCLC;TH;CML	cgc
COL1A1__PDGFRB	PDGFRB	MDS;MDPS	biomarker
ETV6__PDGFRB	PDGFRB	MM;AML;BRCA;HEMATO;LK,LY;CML;MDS;FIBS-PR	validated;cgc
H4__PDGFRB	PDGFRB	AML;CML;HEMATO	cgc
HIP1__PDGFRB	PDGFRB	AML;NSCLC;CML;HEMATO	cgc
NIN__PDGFRB	PDGFRB	AML;CML;HEMATO	cgc
PDE4DIP__PDGFRB	PDGFRB	AML;CML;HEMATO	cgc
PDGFRB__RABEP1	PDGFRB	AML;CML;HEMATO	cgc
PDGFRB__SART3	PDGFRB	MM	validated
PDGFRB__SPECC1	PDGFRB	AML;MML;CML;HEMATO	cgc
PDGFRB__TRIP11	PDGFRB	AML;CML;HEMATO	cgc
ETV6__PER1	PER1	AML;BRCA;LK,LY;CML;MDS;FIBS-PR	cgc
COL1A2__PLAG1	PLAG1	SGA	cgc
CHCHD7__PLAG1	PLAG1	SGA	cgc
HAS2__PLAG1	PLAG1	SGA	cgc
LIFR__PLAG1	PLAG1	SGA	cgc
PLAG1__TCEA1	PLAG1	SGA	cgc
HMGA2__RAD51B	RAD51B	SG	cgc
.__RAF1	RAF1	PRAD	biomarker
ESRP1__RAF1	RAF1	PIA;PRAD	cgc
RAF1__SRGAP3	RAF1	PIA;PA;PRAD	validated;cgc
CIITA__RALGDS	RALGDS	BCL;;HLY	cgc
RANBP17__TRD	RANBP17	ALL;LK	cgc
BCOR__RARA	RARA	AML;RB	cgc
NUMA1__RARA	RARA	APML	cgc
PML__RARA	RARA	APML;ALL;AML	biomarker;cgc
RARA__STAT5B	RARA	APML;BCC;LGLK	cgc
RARA__TRIM24	RARA	APML	cgc
RARA__ZBTB16	RARA	APML	cgc
MKL1__RBM15	RBM15	MKB	cgc
CCDC6__RET	RET	PHEO;CM;LUAD;NSCLC;THM;TH;CML	validated;cgc
ERC1__RET	RET	CM;TH	cgc
GOLGA5__RET	RET	CM;PHEO;TH;THM;NSCLC	cgc
H4__RET	RET	CM;PHEO;TH;THM;NSCLC	cgc
HOOK3__RET	RET	CM;PHEO;TH;THM;NSCLC	cgc
KIF5B__RET	RET	PHEO;CM;LUAD;NSCLC;THM;TH	validated;cgc
KTN1__RET	RET	CM;PHEO;TH;THM;NSCLC	cgc
PCM1__RET	RET	PHEO;CM;HEMATO;NSCLC;THM;TH;CML	cgc
PRKAR1A__RET	RET	PHEO;ES;CM;MYX;NSCLC;THM;TH	cgc
RET__TPCN1	RET	THCA	biomarker
RET__TRIM27	RET	CM;PHEO;TH;THM;NSCLC	cgc
RET__TRIM33	RET	CM;PHEO;TH;THM;NSCLC	cgc
CIITA__RMI2	RMI2	BCL;HLY	cgc
ETV6__RNF217-AS1	RNF217-AS1	ALL;LK,LY;BRCA;MDS;FIBS-PR	cgc
CCDC6__ROS1	ROS1	NSCLC	validated
CD74__ROS1	ROS1	NSCLC	validated;cgc
.__ROS1	ROS1	NSCLC	biomarker
CLIP1__ROS1	ROS1	OV;CM;GBM;NSCLC;CH	cgc
DCTN1__ROS1	ROS1	IM;CM	cgc
ERC1__ROS1	ROS1	GBM;CM;CH;NSCLC;OV;TH	cgc
EZR__ROS1	ROS1	OV;CM;NSCLC;GBM;CH	validated;cgc
FIG__ROS1	ROS1	NSCLC	validated
GOPC__ROS1	ROS1	OV;CM;GBM;NSCLC;CH	cgc
HLA-A__ROS1	ROS1	OV;CM;GBM;NSCLC;CH	cgc
KDELR2__ROS1	ROS1	NSCLC	validated
KIAA1598__ROS1	ROS1	OV;CM;GBM;NSCLC;CH	cgc
LRIG3__ROS1	ROS1	OV;CM;NSCLC;GBM;CH	validated;cgc
MYO5A__ROS1	ROS1	OV;CM;GBM;NSCLC;CH	cgc
PPFIBP1__ROS1	ROS1	IM;GBM;CM;CH;NSCLC;OV	cgc
PWWP2A__ROS1	ROS1	OV;CM;GBM;NSCLC;CH	cgc
ROS1__SDC4	ROS1	OV;CM;NSCLC;GBM;CH	validated;cgc
ROS1__SLC34A2	ROS1	OV;CM;NSCLC;GBM;CH	validated;cgc
ROS1__TPM3	ROS1	GBM;CM;CH;NSCLC;OV;ALCL;TH	validated;cgc
ROS1__ZCCHC8	ROS1	CM	cgc
ROS1__ZCCHHC8	ROS1	OV;CM;GBM;NSCLC;CH	cgc
EIF3E__RSPO2	RSPO2	COREAD	cgc
EIF3E__RSPO3	RSPO3	COREAD	cgc
PTPRK__RSPO3	RSPO3	COREAD	cgc
CIITA__RUNDC2A	RUNDC2A	BCL;HLY	cgc
AFF3__RUNX1	RUNX1	ALL;AML;TCALL	cgc
CBFA2T3__RUNX1	RUNX1	ALL;AML;TCALL	cgc
ETV6__RUNX1	RUNX1	ALL;TCALL;AML;BRCA;LK,LY;MDS;FIBS-PR	cgc
RPL22__RUNX1	RUNX1	ALL;AML;TCALL;CML	cgc
RUNX1__RUNX1T1	RUNX1	ALL;AML;TCALL	cgc
ETV5__SCL45A3	SCL45A3	PRAD	cgc
NUP214__SET	SET	AML;TCALL	cgc
ETV5__SLC45A3	SLC45A3	PRAD	cgc
ERG__SLC45A3	SLC45A3	PRAD	cgc
ETV1__SLC45A3	SLC45A3	EWS;PRAD	cgc
ELK4__SLC45A3	SLC45A3	PRAD	cgc
SS18__SSX1	SS18	SYNS	cgc
SS18__SSX2	SS18	SYNS	cgc
SS18__SSX4	SS18	SYNS	cgc
SS18L1__SSX1	SS18L1	SYNS	cgc
NAB2__STAT6	STAT6	HGP	cgc
JAZF1__SUZ12	SUZ12	EDS	cgc
ETV6__SYK	SYK	PTCL;LK,LY;BRCA;MDS;FIBS-PR	cgc
ITK__SYK	SYK	PTCL;MDS	cgc
CHN1__TAF15	TAF15	ALL;CS	cgc
TAF15__ZNF384	TAF15	ALL;CS	cgc
TAL1__TRD	TAL1	LK;LL	cgc
STIL__TAL1	TAL1	TCALL;LL	cgc
TAL2__TRB	TAL2	TCALL	cgc
TCF7L2__VTI1A	TCF7L2	COREAD	cgc
TCL1A__TRA	TCL1A	TCALL;CLL	cgc
TCL6__TRA	TCL6	TCALL	cgc
ASPSCR1__TFE3	TFE3	STS;R;RPC	cgc
CLTC__TFE3	TFE3	ALCL;STS;R;RPC	cgc
NONO__TFE3	TFE3	STS;R;RPC	cgc
PRCC__TFE3	TFE3	STS;R;RPC	cgc
SFPQ__TFE3	TFE3	STS;R;RPC	cgc
ALPHA__TFEB	TFEB	RCCC	cgc
MALAT1__TFEB	TFEB	RCCC;L	cgc
TCF3__TFPT	TFPT	ALL	cgc
TLX1__TRB	TLX1	TCALL	cgc
TLX1__TRD	TLX1	LK;TCALL	cgc
ERG__TMPRSS2	TMPRSS2	AML;EWS;PRAD	cgc
.__TMPRSS2	TMPRSS2	PRAD	biomarker
ETV1__TMPRSS2	TMPRSS2	EWS;PRAD	cgc
ETV4__TMPRSS2	TMPRSS2	EWS;PRAD	cgc
ETV5__TMPRSS2	TMPRSS2	PRAD	cgc
IL2__TNFRSF17	TNFRSF17	PTCL	cgc
ETV6__TTL	TTL	ALL;LK,LY;BRCA;MDS;FIBS-PR	cgc
CDH11__USP6	USP6	ABC	cgc
CNBP__USP6	USP6	ABC	cgc
COL1A1__USP6	USP6	DFS;ABC	cgc
OMD__USP6	USP6	ABC	cgc
THRAP3__USP6	USP6	ABC	cgc
IGH__WHSC1	WHSC1	MM	cgc
HMGA2__WIF1	WIF1	SG	cgc
